ID,Time,Timesince,Min Velocity,Max Velocity
0,0.94647,0,0.05000000074505806,0.20000000298023224
