ID,Time
1,38.35906
2,57.97818
