ID,Time,Timesince
0,1.27821,13521.77446
