ID,Time,Timesince
0,1.81871,12619.02055
