ID,Time
12,12.14971
1,69.14019
2,86.14278
