ID,Time
0,13.43577
5,792.93524
134,796.55306
6,796.93989
96,797.80528
4,954.18379
196,964.81394
8,968.42723
14,973.6894
12,983.18767
