ID,Time
1,6.80288
6,44.16538
112,72.29437
4,79.41509
12,107.54196
