ID,Time,Timesince,Min Velocity,Max Velocity
4,4.0,0,0.05000000074505806,0.20000000298023224
