ID,Time,Timesince,Min Velocity,Max Velocity
0,1.07735,0.0,0.05000000074505806,0.20000000298023224
2,93.06497,0.0,0.05000000074505806,0.20000000298023224
