ID,Time,Timesince,Min Velocity,Max Velocity
2,1.02006,0,0.05000000074505806,0.20000000298023224
0,7.38014,9142.64427,0.05000000074505806,0.20000000298023224
