ID,Time,Timesince
0,1.20803,13441.71237
