ID,Time
12,32.24272
15,32.61677
