ID,Time,Timesince
0,3.36403,12736.97752
