ID,Time,Timesince,Min Velocity,Max Velocity
0,2.87006,0.0,0.05000000074505806,0.20000000298023224
