ID,Time,Timesince
0,1.00893,13022.39142
