ID,Time,Timesince
0,2.33485,12751.95316
