ID,Time,Timesince,Min Velocity,Max Velocity
2,5.33492,0,0.05000000074505806,0.20000000298023224
0,10.46004,8685.32583,0.05000000074505806,0.20000000298023224
