ID,Time
2,23.15298
12,94.40476
0,120.02222
6,126.14704
1,126.90417
