ID,Time
8,1.06531
2,1.08007
0,1.09939
3,5.8031
5,8.30165
4,9.05467
7,12.18143
