ID,Time,Timesince
0,1.17817,13885.41353
