ID,Time,Timesince,Min Velocity,Max Velocity
0,44.77194,16264.5578,0.05000000074505806,0.20000000298023224
