ID,Time,Timesince
0,1.17022,14074.16775
