ID,Time
8,1.08182
2,1.09474
0,1.11558
