ID,Time
2,23.93923
1,34.8088
32,46.09807
