ID,Time
13,29.00228
11,29.37429
